{"_wandb":{"runtime":6},"_runtime":6,"_step":0,"val_loss":2.0720956325531006,"val_acc":0.15734265744686127,"epoch":0,"trainer/global_step":6,"_timestamp":1.7687515175493937e+09}