{"test_acc":0.07298950850963593,"epoch":15,"_runtime":22,"trainer/global_step":111,"_timestamp":1.7687517901196744e+09,"test_loss":3.1209020614624023,"train_acc":0.11500000208616257,"train_loss":2.9263014793395996,"_step":31,"_wandb":{"runtime":22}}