{"epoch":0,"trainer/global_step":6,"_timestamp":1.7687516758051944e+09,"_step":0,"val_loss":2.1016602516174316,"val_acc":0.11276223510503769,"_runtime":6,"_wandb":{"runtime":6}}